{"name":"2048 Puzzle - Professional Edition","short_name":"2048","description":"The classic 2048 puzzle game with modern design and smooth animations","start_url":"https://shantanu931.github.io/2048-pwa/","scope":"https://shantanu931.github.io/2048-pwa/","display":"standalone","orientation":"portrait-primary","background_color":"#667eea","theme_color":"#764ba2","categories":["games","puzzle"],"lang":"en-US","icons":[{"src":"icons/android-icon-72x72.png","sizes":"72x72","type":"image/png","purpose":"any"},{"src":"icons/android-icon-96x96.png","sizes":"96x96","type":"image/png","purpose":"any"},{"src":"icons/android-icon-128x128.png","sizes":"128x128","type":"image/png","purpose":"any"},{"src":"icons/android-icon-144x144.png","sizes":"144x144","type":"image/png","purpose":"any"},{"src":"icons/android-icon-152x152.png","sizes":"152x152","type":"image/png","purpose":"any"},{"src":"icons/android-icon-192x192.png","sizes":"192x192","type":"image/png","purpose":"any"},{"src":"icons/android-icon-384x384.png","sizes":"384x384","type":"image/png","purpose":"any"},{"src":"icons/android-icon-512x512.png","sizes":"512x512","type":"image/png","purpose":"maskable"}],"screenshots":[{"src":"screenshots/screenshot1.png","sizes":"1080x1920","type":"image/png","form_factor":"narrow"},{"src":"screenshots/screenshot2.png","sizes":"1920x1080","type":"image/png","form_factor":"wide"}]}